Year,Area harvested,Production,Yield
1975,535066,209018,0.3906
1972,7400,3000,0.4054
2014,2060,3485,1.6917
2000,900,860,0.9556
1982,1445,661,0.4574
1972,29704,10262,0.3455
2008,26897,10128,0.3765
1967,800,240,0.3
1963,2400,1300,0.5417
1987,16000,8000,0.5
2002,32420,18463,0.5695
2008,2100,1636,0.779
2017,24115,10031,0.41600000000000004
1967,1240,650,0.5242
1996,80322,47397,0.5901
1961,8500,4530,0.5329
2009,42300,51037,1.2065
1961,21748,6374,0.2931
2008,995,835,0.8393
1979,2200,1100,0.5
1989,8350,4600,0.5509
2013,2600,500,0.1923
1968,13000,8000,0.6154
2001,757910,804111,1.061
1969,5065,2905,0.5735
1961,1800,1500,0.8333
1962,5080,1900,0.374
1982,6000,3200,0.5333
2015,10248,4532,0.4422
2010,3000,2000,0.6667
1971,6000,2000,0.3333
1966,50200,27400,0.5458
1974,2000,900,0.45
1979,6500,4000,0.6154
1993,73125,32254,0.4411
2015,21664,22783,1.0517
1981,38155,11055,0.2897
1970,17000,13325,0.7838
1985,42447,11995,0.2826
2008,2250,550,0.2444
1980,27000,5000,0.1852
2013,82,52,0.6394
2006,1992,1617,0.8115
2007,563,285,0.5059
2001,32880,14360,0.4367
1998,110,73,0.6636
2018,39304,26861,0.6834
2012,831,620,0.7461
1981,75202,48084,0.6394
1980,44078,18267,0.4144
1972,1807,2086,1.1544
1982,2600,900,0.3462
1993,31600,24500,0.7753
2018,5278,1758,0.3331
1999,23000,14000,0.6087
2003,770,650,0.8442
1998,20143,12994,0.6451
2004,624987,704306,1.1269
1989,1800,1110,0.6167
1964,68357,46561,0.6811
1970,30760,10160,0.3303
1986,1001106,248226,0.248
2003,62000,42800,0.6903
1973,37000,18100,0.4892
1986,36600,13400,0.3661
1995,2118,1386,0.6547
1996,27000,11000,0.4074
2015,79010,51605,0.6531
2012,36722,26764,0.7288
1986,99980,45000,0.4501
1974,9000,6000,0.6667
1992,35,50,1.4286
1989,150,80,0.5333
2013,8157,6061,0.7431
1965,24640,18300,0.7427
1970,334,102,0.3054
1970,12500,5700,0.456
1993,45040,11755,0.261
1974,6000,2000,0.3333
2018,725,798,1.1007
1967,140,50,0.3571
1980,16227,15918,0.981
1996,70000,23000,0.3286
1996,22000,13000,0.5909
2005,61908,29012,0.4686
1972,7000,3000,0.4286
1997,1100,900,0.8182
1997,15900,6500,0.4088
2011,9000,6000,0.6667
2011,37000,33000,0.8919
1991,802897,167900,0.2091
1983,100000,30000,0.3
1992,2537,605,0.2384
1964,33200,19200,0.5783
2009,3388,760,0.2245
1980,45000,26000,0.5778
1977,348,129,0.3707
1979,30500,11300,0.3705
2001,60921,31230,0.5126
2008,22212,23895,1.0758
2001,592,297,0.5006
1980,410,250,0.6098
2001,1278,615,0.4812
2004,4051,3161,0.7803
1964,109000,30000,0.2752
1967,1040,400,0.3846
1997,3,1,0.3333
1970,48000,22000,0.4583
2005,25000,16000,0.64
2002,118,85,0.7195
1988,109500,46000,0.4201
1967,150,80,0.5333
2005,9225,2472,0.268
1985,27000,5000,0.1852
2018,15227,4046,0.2657
1969,17436,7708,0.4421
2012,207000,124000,0.599
2017,291173,163787,0.5625
1969,67000,41000,0.6119
2004,18050,19181,1.0627
1964,9087,3818,0.4202
1978,35723,19018,0.5324
1975,57000,37300,0.6544
1972,85,50,0.5882
1965,2000,480,0.24
1967,16000,11975,0.7484
1986,27300,12100,0.4432
1965,43300,11971,0.2765
1999,54257,31460,0.5798
2003,1059,594,0.5609
2001,9300,4930,0.5301
1981,530,240,0.4528
1993,180,100,0.5556
1968,150,80,0.5333
2005,92,57,0.6196
1980,7300,1650,0.226
2006,148458,62050,0.418
1977,2000,1000,0.5
2008,5000,3000,0.6
2007,21750,16300,0.7494
2014,1778000,828000,0.4657
1961,7760,2532,0.3263
2013,15442,4173,0.2702
2009,397,221,0.5569
2006,68500,20561,0.3002
1968,9500,5200,0.5474
2004,55600,33100,0.5953
1977,598291,92523,0.1546
2011,17530,19608,1.1185
1988,24884,10080,0.4051
1964,3572,1690,0.4731
1982,964600,342000,0.3546
2001,51543,26910,0.5221
1975,669,203,0.3034
1994,23000,14000,0.6087
1992,746790,516275,0.6913
1966,2000,500,0.25
1982,23047,8017,0.3479
1965,5747,1583,0.2754
2017,920,763,0.8297
1984,72772,41708,0.5731
1962,300,189,0.63
1989,52961,27474,0.5188
2010,1519191,787400,0.5183
1990,2515500,835300,0.3321
2007,44000,22000,0.5
1983,24800,15000,0.6048
1983,17640,14800,0.8390000000000001
2016,15444,3175,0.2056
2010,47000,17000,0.3617
1990,8730,4500,0.5155
1998,71084,32124,0.4519
1962,17440,16000,0.9174
2004,43505,17548,0.4034
1983,19984,5675,0.284
1977,7100,1550,0.2183
1997,44549,28054,0.6297
1980,135000,41000,0.3037
1994,27370,17268,0.6309
1984,36800,22100,0.6005
2008,14817,4000,0.27
1974,4000,2000,0.5
1965,50182,24384,0.4859
1980,263999,136636,0.5176
1982,530,245,0.4623
1981,81,61,0.7531
2005,1200,950,0.7917
1993,348,230,0.66
1994,29000,13000,0.4483
1980,3700,3700,1.0
1999,51567,31262,0.6062
2002,1770,1220,0.6893
2008,19,38,1.9973
1976,120,70,0.5833
1988,12560,6700,0.5334
1983,95000,42000,0.4421
1976,42641,19028,0.4462
2011,14360,11300,0.7869
1996,18105,2243,0.1239
1994,5891,1563,0.2653
1969,4000,2000,0.5
2006,48,24,0.5
1977,24508,11533,0.4706
1994,190,3,0.0158
1998,600,300,0.5
1989,100000,40000,0.4
1976,3837,3454,0.9002
2015,12257,3178,0.2592
1981,27000,5000,0.1852
1964,2000,1000,0.5
1961,8845,4501,0.5089
2017,40000,30000,0.75
1968,885,400,0.452
1991,679533,436000,0.6416
1998,2592,605,0.2334
1980,55000,15000,0.2727
2001,4949,1386,0.28
1988,3800,2000,0.5263
1974,32200,17200,0.5342
2012,12000,32000,2.6667
1980,2471900,445800,0.1803
1992,22900,14000,0.6114
1981,10375,5900,0.5687
1988,12180,14000,1.1494
1994,49000,28000,0.5714
1970,26500,6310,0.2381
1972,5000,3000,0.6
1971,7804,4655,0.5965
2010,66145,47542,0.7188
1983,7000,2000,0.2857
1985,35719,11066,0.3098
2007,21776,23212,1.0659
2012,10000,6000,0.6
1970,300,100,0.3333
1978,187,71,0.3797
1989,530,270,0.5094
1971,47000,31400,0.6681
2017,76086,54824,0.7206
2013,99500,39400,0.396
1984,13000,12000,0.9231
2018,45000,31000,0.6889
2001,3100,1900,0.6129
1985,27,13,0.4815
2013,1524452,817100,0.536
1963,825000,268000,0.3248
1985,93198,45176,0.4847
2001,20,11,0.55
1964,40000,11708,0.2927
1975,7000,3000,0.4286
2017,260380,366000,1.4056
1967,16890,6466,0.3828
1979,510,220,0.4314
2012,12000,3000,0.25
1970,6219,2840,0.4567
2002,35,27,0.7714
1993,16940,11500,0.6789
1965,2700,2000,0.7407
2015,38000,28000,0.7368
2005,28450,37140,1.3054
2011,394,226,0.5755
2007,230,135,0.5870000000000001
1980,2200,1100,0.5
1995,23000,14000,0.6087
1981,29200,11860,0.4062
2007,20,39,1.9607
2014,11000,10000,0.9091
1992,2100,1299,0.6187
1979,200,90,0.45
2013,1000,900,0.9
1998,3,1,0.3333
2014,42000,29000,0.6905
1969,52100,14000,0.2687
1969,300,100,0.3333
2004,16124,10207,0.633
2003,24000,15000,0.625
2009,41000,14839,0.3619
1987,15740,4958,0.315
1967,36000,15500,0.4306
2015,38205,35764,0.9361
1983,10775,6200,0.5754
1995,4100,2400,0.5854
1977,204701,121318,0.5927
1987,40,25,0.625
1999,13,12,0.9231
1993,220,75,0.3409
1990,5000,3000,0.6
1972,13439,6706,0.499
1962,2000,420,0.21
1995,33000,28600,0.8667
2013,10544,7768,0.7367
2013,420154,624831,1.4871
2018,29059,21250,0.7313
2018,83372,35699,0.4282
2017,46809,25783,0.5508
2005,12572,2195,0.1746
1982,15106,8301,0.5495
1972,175,147,0.84
1986,84551,49059,0.5802
1976,25000,7000,0.28
1970,107000,30000,0.2804
1978,26900,13700,0.5093
1995,42000,33561,0.7991
1985,34600,13420,0.3879
2009,76,60,0.7895
1979,957739,209557,0.2188
2005,594228,625844,1.0532
2018,325114,172539,0.5307
2007,58627,28673,0.4891
1992,42981,22776,0.5299
1989,4200,2200,0.5238
1998,25000,10000,0.4
2013,44785,29111,0.65
2016,207000,135000,0.6522
1996,50000,30000,0.6
1988,13357,9291,0.6956
2007,4300,2600,0.6047
1996,99464,44927,0.4517
2011,248,147,0.5956
1993,10203,4773,0.4678
1981,5000,3000,0.6
1990,84819,39000,0.4598
1968,2253,1800,0.7989
2004,1,1,1.0
1965,50000,30000,0.6
1999,24000,15000,0.625
1987,86,24,0.2791
1962,56705,28084,0.4953
2005,30123,7113,0.2361
1974,174036,71824,0.4127
2000,3600,2100,0.5833
1963,86966,35000,0.4025
1966,35000,9300,0.2657
1983,102298,56643,0.5537
1965,10000,6000,0.6
2004,10889,4900,0.45
1983,240,110,0.4583
2000,24587,7390,0.3006
2008,35874,27286,0.7606
1974,22744,8128,0.3574
2001,800,650,0.8125
1975,2200,550,0.25
1988,384,128,0.3333
2014,5346,3765,0.7044
1977,130,80,0.6154
1985,150,80,0.5333
1999,860,700,0.8140000000000001
1987,977,557,0.5701
1990,110000,44000,0.4
2006,60000,42000,0.7
1993,753600,563000,0.7471
2018,210000,140000,0.6667
1985,17500,8500,0.4857
1989,83000,28000,0.3373
1987,3950,1463,0.3704
1976,28000,14141,0.505
2011,30240,39468,1.3052
2014,429100,629900,1.4680000000000002
1969,19600,14600,0.7449
1991,115000,46000,0.4
1978,7200,1600,0.2222
1991,1977,1200,0.607
1963,10500,4500,0.4286
1975,11300,5000,0.4425
1999,11200,7360,0.6571
1995,235,148,0.6298
1973,30000,5298,0.1766
2006,47337,22887,0.4835
1980,13500,4000,0.2963
1965,140,50,0.3571
1982,480,100,0.2083
2008,471600,586293,1.2432
1965,2442,1837,0.7523
1962,2000,1000,0.5
1966,4000,2300,0.575
2005,25137,10000,0.3978
1982,75000,21000,0.28
1979,46150,19342,0.4191
1965,8800,6300,0.7159
2006,23,44,1.93
1975,54000,33000,0.6111
2014,39924,31992,0.8013
2011,1190,1137,0.9555
1991,7,1,0.1429
1980,775000,259000,0.3342
1967,8700,5000,0.5747
2001,17444,8957,0.5135
1974,11392,13910,1.2209999999999999
1997,22000,13000,0.5909
1969,7500,3000,0.4
2013,23184,12392,0.5345
2003,33991,21957,0.6459999999999999
1985,11000,6000,0.5455
1974,11628,7256,0.624
2010,2735,4664,1.7051
2018,1663,3085,1.8548
2007,299280,117700,0.3933
2013,6000,2000,0.3333
1997,590,290,0.4915
1981,1926,1088,0.5649
1999,20,11,0.55
2012,25,20,0.7974
2008,11067,4980,0.45
1985,48000,27000,0.5625
1972,602199,260300,0.4322
1967,659000,296000,0.4492
2012,28949,16221,0.5603
2011,5,1,0.2
1978,2389100,514100,0.2152
2014,96318,64911,0.6739
1984,530,250,0.4717
1977,150,80,0.5333
1997,9060,4720,0.521
1972,4000,2000,0.5
2003,2596,595,0.2292
1968,140032,76222,0.5443
1972,6000,2000,0.3333
1987,46000,26400,0.5739
1983,22362,8802,0.3936
1988,2000,1400,0.7
1991,405,204,0.5036
2010,11212,5020,0.4477
2001,36800,22000,0.5978
1987,7000,3000,0.4286
1967,334,102,0.3054
1971,169308,93937,0.5548
1999,5633,2872,0.5099
1992,18683,10762,0.5760000000000001
2012,3,5,1.6667
1962,6000,1600,0.2667
1985,9240,9000,0.9740000000000001
1986,88423,48247,0.5456
2003,1700300,782100,0.46
2009,7489,4559,0.6088
2018,1207,792,0.6559999999999999
1992,82772,34000,0.4108
2015,39907,60750,1.5223
2017,699,633,0.9056
2018,46421,32494,0.7
1982,44250,27000,0.6102
1971,33600,16800,0.5
1973,7000,3000,0.4286
1980,93,65,0.6989
1968,7500,3000,0.4
1980,9125,4400,0.4822
1972,1246,307,0.2464
1996,5204,1400,0.26899999999999996
1986,530,255,0.4811
1983,20000,6000,0.3
2013,380,235,0.6184
1978,141335,65254,0.4617
1972,4500,2500,0.5556
1986,15400,8800,0.5714
1970,6000,1200,0.2
2012,1000,900,0.9
1990,58347,38069,0.6525
1978,12400,5400,0.4355
1996,134,207,1.5448
2012,651735,456000,0.6997
2014,11667,3019,0.2588
2018,539089,572761,1.0625
1998,9204,4869,0.529
1968,28480,21900,0.769
1970,7000,4000,0.5714
1980,630724,109941,0.1743
1971,17000,14000,0.8235
1997,23000,14000,0.6087
1972,276495,160572,0.5807
2003,221,130,0.5896
1992,25300,10985,0.4342
1986,14000,7000,0.5
1986,3000,2400,0.8
2007,48168,29050,0.6031
1972,300,100,0.3333
1987,4201,5249,1.2495
1969,65,40,0.6154
1990,110432,59864,0.5421
2011,38,63,1.6579
1984,858668,476341,0.5547
2001,52500,31751,0.6048
1998,1978,1371,0.6933
1993,79957,30000,0.3752
1976,6000,3000,0.5
1989,370,190,0.5135
1970,1134,788,0.6949
1997,16931,2808,0.1658
1961,5000,1000,0.2
1976,9500,4200,0.4421
1980,38684,11316,0.2925
1973,15226,5108,0.3355
2015,25,41,1.64
1989,26000,4000,0.1538
2004,138,90,0.6522
1995,642000,583000,0.9081
1992,54000,16325,0.3023
2002,1001,531,0.5305
1994,59360,31800,0.5357
2004,787,458,0.5820000000000001
1988,2000,400,0.2
2017,3491,3415,0.9782
1987,2000,400,0.2
2017,50000,11500,0.23
1982,19593,20343,1.0383
2002,350,273,0.78
1985,6000,3200,0.5333
2011,50286,26367,0.5243
1992,43431,24546,0.5652
1966,268,51,0.1903
2012,165575,100488,0.6069
1986,31500,28050,0.8905
1978,6000,3000,0.5
1989,31444,17180,0.5464
2010,126,118,0.9365
1984,5000,3000,0.6
1994,126700,56000,0.442
1967,20000,11000,0.55
2016,1495250,812952,0.5437
1972,2288400,385400,0.1684
1983,664,250,0.3765
2006,39939,26545,0.6646
1972,107706,59245,0.5501
2014,431224,632108,1.4658
2008,114700,40696,0.3548
1982,31625,13225,0.4182
1997,40000,32000,0.8
1994,1800,1500,0.8333
2006,49099,25874,0.527
2014,928243,1113982,1.2001
1993,410,220,0.5366
1975,54301,28876,0.5318
2013,12000,3000,0.25
1963,11500,7000,0.6087
1975,4500,2500,0.5556
2014,14819,3015,0.2034
2001,15511,10152,0.6545
1973,35070,16882,0.4814
1988,15555,5873,0.3776
1993,2603,2154,0.8275
1992,30966,24000,0.775
1985,76000,33000,0.4342
1994,7202,1900,0.2638
2001,35000,23000,0.6571
1972,47723,25869,0.5421
1968,300,100,0.3333
1987,6000,3000,0.5
2003,3300,2000,0.6061
1983,935562,198095,0.2117
1985,820,429,0.5232
1995,60960,33500,0.5495
1969,5500,1100,0.2
1967,7500,4900,0.6533
1998,386,200,0.5187
2004,255000,125000,0.4902
1974,7300,3200,0.4384
1992,19355,2872,0.1484
1966,2500,1300,0.52
2008,1809100,640300,0.3539
2010,31804,23460,0.7376
1972,27520,21300,0.774
1982,7000,2000,0.2857
1995,28000,12000,0.4286
1992,36000,28000,0.7778
1991,1900,2300,1.2105
1992,27498,9400,0.3418
1962,10000,6000,0.6
2003,63504,40484,0.6375
1977,75000,40600,0.5413
1978,29000,9900,0.3414
1976,6000,2000,0.3333
2014,39138,54758,1.3991
2007,47000,32000,0.6809
2012,26,52,2.0004
1997,15861,9153,0.5771
1966,684997,291827,0.426
2003,36,28,0.7778
2009,13000,9000,0.6923
1971,1800,800,0.4444
2000,46297,30518,0.6592
1977,16805,17693,1.0528
1987,2153300,583100,0.2708
2006,4200,2600,0.619
1980,7000,3000,0.4286
1980,2000,400,0.2
2016,40320,36921,0.9157
2004,62544,29028,0.4641
1975,6542,3947,0.6033
2008,23,38,1.6478
1978,46256,29900,0.6464
1989,79032,45983,0.5818
1961,6000,2054,0.3423
1969,36000,15500,0.4306
1981,22420,6013,0.2682
1986,3300,1800,0.5455
1995,5802,1537,0.2649
1995,642666,583343,0.9077
1999,143700,69000,0.4802
1995,11886,7762,0.653
2011,46114,31896,0.6917
2000,50900,23800,0.4676
1994,690000,548000,0.7942
2015,23,46,2.0245
2015,4757,2552,0.5364
1990,83088,48610,0.585
1979,7000,2000,0.2857
2007,31321,17506,0.5589
1967,2000,400,0.2
2017,20,16,0.7942
2016,1833,2639,1.4397
1990,28000,18000,0.6429
1984,14500,4300,0.2966
2003,30234,36961,1.2225
1994,13720,9265,0.6753
1967,49000,13000,0.2653
1978,130,80,0.6154
1987,74000,33000,0.4459
2001,33133,19377,0.5848
1989,542,330,0.6089
1985,27450,15622,0.5691
1963,6000,1800,0.3
1984,48000,27000,0.5625
1983,39200,13000,0.3316
1981,2700,1572,0.5822
1994,3500,2000,0.5714
1982,240,120,0.5
1982,1940,896,0.4619
1962,9000,5086,0.5651
2000,36800,16800,0.4565
1972,35000,8015,0.22899999999999998
1979,7000,2500,0.3571
1963,4000,2000,0.5
2015,90712,38616,0.4257
1985,3300,2900,0.8788
1976,113488,39720,0.35
1998,1609000,527300,0.3277
1966,2793400,416000,0.1489
1967,11800,9300,0.7881
1963,185000,53000,0.2865
2010,15068,4070,0.2701
1999,6500,1700,0.2615
1968,50,30,0.6
1969,14818,7971,0.5379
1982,157,57,0.3631
2012,49406,26341,0.5331
2017,26542,36224,1.3648
1982,4982,1209,0.2427
2008,10575,2905,0.2747
2003,25052,10000,0.3992
1984,130,80,0.6154
1983,27000,5000,0.1852
2018,25981,17437,0.6711
1997,74628,26109,0.3499
1965,95000,30000,0.3158
1969,40,32,0.8
1986,40,25,0.625
1982,93203,53150,0.5703
1973,10300,4600,0.4466
2009,5000,3000,0.6
1998,248,147,0.594
1999,838,458,0.5465
1986,20980,8187,0.3902
2003,401,206,0.514
2013,250,220,0.8786
1979,45000,26000,0.5778
1963,19000,12300,0.6474
1979,5600,2800,0.5
2002,3,1,0.3333
1966,7000,2800,0.4
2014,16000,32000,2.0
1984,20000,12500,0.625
2006,569720,662571,1.163
1978,9000,4500,0.5
2012,40177,28124,0.7
1998,980,800,0.8163
1992,20000,13000,0.65
1995,19196,2312,0.1205
1963,1900,1550,0.8158
1966,2000,400,0.2
2009,69650,51300,0.7365
2010,10,1,0.1
1992,82487,49463,0.5996
1997,20,50,2.5
2004,29591,37382,1.2633
1984,60,25,0.4167
2014,34248,30447,0.889
1971,150,80,0.5333
1998,30331,17472,0.5760000000000001
2010,77670,31041,0.3997
2011,191500,229167,1.1967
1984,858000,476000,0.5548
1993,83000,29000,0.3494
2007,486580,557537,1.1458
1986,1007000,618000,0.6137
1976,2500,580,0.23199999999999998
1987,33523,12300,0.3669
1965,14000,6000,0.4286
1972,43200,28300,0.6551
1979,13887,4125,0.297
1966,14600,9800,0.6712
1984,103300,31000,0.3001
2003,8810,5490,0.6232
1966,12733,11263,0.8846
1989,97600,37000,0.3791
2002,758475,895228,1.1803
2002,7785,2028,0.2605
1989,7000,2000,0.2857
1962,15000,5000,0.3333
2003,32515,18729,0.5760000000000001
1976,42800,25000,0.5841
1992,2700,2270,0.8407
2011,25,20,0.8005
1998,143000,66000,0.4615
1987,7000,2000,0.2857
1965,12000,8000,0.6667
1969,11647,7255,0.6229
2008,472620,586701,1.2414
2013,482,317,0.6577
2003,55000,34000,0.6182
2005,64838,42144,0.65
1978,55000,15069,0.27399999999999997
1975,38000,10000,0.2632
2011,26646,18000,0.6755
1967,185000,53000,0.2865
2015,605,276,0.4564
2001,50000,23000,0.46
2003,105000,41000,0.3905
1977,3185,1862,0.5846
1984,132760,62909,0.4739
2001,20000,7917,0.3959
1974,10000,10060,1.006
1962,1800,1500,0.8333
2013,24785,15457,0.6236
1976,1436,919,0.64
1977,490,200,0.4082
2013,69620,69343,0.996
1970,2600,800,0.3077
1983,17000,10500,0.6176
1995,29952,17249,0.5759
1972,17643,24000,1.3603
1983,15400,11500,0.7468
1964,535,51,0.0953
1986,623,283,0.4543
2008,2,1,0.5
1977,7000,3000,0.4286
1990,1879,1250,0.6652
2005,1936,450,0.2324
1990,3743,1574,0.4205
2007,51356,35776,0.6966
1983,37,26,0.7027
2001,24000,15000,0.625
1971,10086,4258,0.4222
1989,3531,3708,1.0501
1963,26710,8130,0.3044
1988,14500,4200,0.2897
2002,18000,22000,1.2222
2012,29324,17634,0.6014
1974,2500,590,0.23600000000000002
2003,35855,25158,0.7017
2007,33,22,0.6667
2013,81630,32423,0.3972
1961,1300,700,0.5385
2015,78535,31800,0.4049
1963,17087,7360,0.4307
1976,4213,2851,0.6767
2002,48000,22000,0.4583
1977,8000,4500,0.5625
1991,22675,13050,0.5755
1982,28200,10540,0.3738
2004,165000,78000,0.4727
1968,41150,11186,0.2718
2017,1729,3258,1.8843
1974,1335,876,0.6562
1977,2384300,520200,0.2182
2018,39000,38000,0.9744
2001,43541,31043,0.713
1966,2200,800,0.3636
1985,167,121,0.7246
1970,1793,804,0.4484
1999,71671,35400,0.4939
1992,6326,1657,0.2619
1966,934,700,0.7495
1966,4832,1974,0.4085
1973,10280,3655,0.3555
1966,13000,8000,0.6154
2005,42440,26000,0.6126
1997,29493,16434,0.5572
1974,2950,3835,1.3
1991,72104,37000,0.5131
2006,6000,5000,0.8333
2018,10217,4490,0.4395
1988,18437,7873,0.42700000000000005
1977,1464,642,0.4385
1962,3815,1700,0.4456
2007,33525,27038,0.8065
1997,1660000,568100,0.3422
2009,969,948,0.9783
1978,8400,2300,0.2738
1961,35166,22000,0.6256
1976,197959,84777,0.4283
1975,2000,400,0.2
2010,51196,26393,0.5155
1970,557953,264784,0.4746
2017,750000,809885,1.0798
1968,268,91,0.3396
1990,21557,21034,0.9757
1984,7700,1900,0.2468
1986,29350,17854,0.6083
2004,3600,2200,0.6111
1989,100,55,0.55
2002,105,94,0.8952
1989,64896,39728,0.6122
1991,601,290,0.4821
1967,12929,7275,0.5627
1994,28,50,1.774
2003,2167,1691,0.7803
1987,35881,9913,0.2763
1989,572,311,0.5437
1996,11095,7527,0.6784
1998,5000,1400,0.28
1989,21943,8136,0.3708
1985,7700,1900,0.2468
1970,26560,20200,0.7605
1994,13000,3800,0.2923
1964,8000,3300,0.4125
2016,279017,153611,0.5505
1980,20000,8000,0.4
2011,438225,605770,1.3823
1961,27000,4500,0.1667
1992,82159,33995,0.4138
1966,478727,57780,0.1207
1984,260,130,0.5
1968,6000,3000,0.5
2015,16000,12000,0.75
1962,5000,1000,0.2
1990,23000,13900,0.6043
1963,2970,1400,0.4714
1963,15000,5000,0.3333
2010,125471,90649,0.7225
2016,10289,4553,0.4426
1982,12300,7200,0.5854
2009,476909,622905,1.3061
2011,1225,770,0.6286
1996,13509,3875,0.2868
1963,2000,440,0.22
1995,84000,31000,0.369
2018,1463447,768858,0.5254
2009,43206,34536,0.7993
2015,12000,10000,0.8333
2017,21428,22543,1.052
1995,36000,24000,0.6667
2003,167000,80000,0.479
1973,36000,22800,0.6333
1991,33,50,1.5152
1995,36960,19223,0.5201
1993,18590,3000,0.1614
1971,1106,210,0.1899
1992,18719,3000,0.1603
2009,153270,90000,0.5872
1976,28000,20600,0.7357
1997,172000,73000,0.4244
2008,4998,1450,0.2901
1998,61920,36100,0.583
1964,12000,5000,0.4167
1974,46000,29000,0.6304
2002,166000,73000,0.4398
1986,50896,31800,0.6248
2018,12679,3237,0.2553
1975,4000,2000,0.5
2008,45000,23000,0.5111
1991,9510,5400,0.5678
2015,40000,28000,0.7
2005,928,451,0.486
2012,2600,500,0.1923
1988,11000,4000,0.3636
1994,19881,8821,0.4437
2013,3313,2740,0.8270000000000001
1984,15005,6330,0.4219
1965,5000,1000,0.2
1962,137,64,0.4672
1973,34880,23400,0.6709
1980,13990,11750,0.8399
1968,53000,31500,0.5943
1971,7700,6745,0.8759999999999999
1993,42368,19600,0.4626
2000,36800,22000,0.5978
2001,140,133,0.9536
1969,43000,11712,0.2724
2012,69875,117000,1.6744
2004,38900,37200,0.9563
2018,22518,9372,0.4162
2013,859951,1050000,1.2209999999999999
2014,56266,25662,0.4561
1983,2203600,558800,0.2536
1995,666,343,0.515
1997,48823,33393,0.684
1964,8600,5800,0.6744
1974,25000,8000,0.32
2013,25104,32847,1.3084
1970,17800,6310,0.3545
1990,17640,22000,1.2472
1977,54838,29958,0.5463
1967,25,19,0.76
2018,6370,4146,0.6509
2012,5800,3000,0.5172
1991,1390,1252,0.9007
1967,60000,40000,0.6667
1964,2620,1550,0.5916
1979,63594,21267,0.3344
1971,760,450,0.5921
1970,150,80,0.5333
2000,785433,811819,1.0336
2007,29780,20010,0.6719
1968,10701,7034,0.6573
1980,950,532,0.56
1964,33590,9140,0.2721
1969,2500,1700,0.68
1993,10,3,0.3
1990,98177,50561,0.515
2017,275,165,0.5995
1975,44154,12407,0.281
2009,475940,621957,1.3068
1982,966045,342661,0.3547
1982,35500,11900,0.3352
1994,84706,34000,0.4014
1998,22337,26225,1.1741
1989,50,40,0.8
2004,624200,703848,1.1276
1997,35000,22000,0.6286
1986,1007795,618386,0.6136
1987,12180,14000,1.1494
1962,2552000,492000,0.1928
2006,7240,4460,0.616
2004,24913,11794,0.4734
1961,11264,10469,0.9294
1990,30940,24370,0.7877
1999,37300,22000,0.5898
2018,279,167,0.5999
1986,31971,11626,0.3636
1999,963557,253200,0.2628
1988,94000,45000,0.4787
2018,4663,2337,0.5011
2013,12000,32000,2.6667
1999,5000,3200,0.64
1978,5594,4094,0.7319
2014,207117,144982,0.7
1976,3809,1614,0.4237
1980,150,100,0.6667
1963,2000,1000,0.5
2005,46294,25060,0.5413
1976,25786,11469,0.4448
2018,70319,28312,0.4026
2018,2081,1886,0.9063
1988,44000,25800,0.5864
2008,139890,46767,0.3343
1992,82000,28000,0.3415
2009,22613,24285,1.0739
1998,29000,13000,0.4483
1992,22814,28295,1.2402
1986,111190,57727,0.5192
1987,7900,2100,0.2658
1995,18000,8300,0.4611
2012,437811,639989,1.4618
1969,604065,258905,0.4286
2017,5364,1771,0.3302
1962,16978,4658,0.2744
2017,1,1,1.0
1979,36480,21700,0.5948
1977,557864,241642,0.4332
1994,24624,27703,1.125
2003,5050,1431,0.2834
2013,16000,10000,0.625
1967,2000,800,0.4
1977,133000,38100,0.2865
1997,15190,10281,0.6768
2005,79250,90193,1.1381
1973,656,85,0.1296
1999,49379,24096,0.488
1973,300,100,0.3333
2010,27083,11342,0.4188
1984,20022,5844,0.2919
1966,800,240,0.3
1964,150,100,0.6667
2010,36907,46146,1.2503
2004,45000,31000,0.6889
2018,42000,29000,0.6905
2003,586,297,0.5072
1976,45000,38800,0.8622
1995,72914,30000,0.4114
1977,6230,3685,0.5915
1996,1992000,640500,0.3215
1996,31538,36807,1.1671
1964,1800,1000,0.5556
1997,17143,6024,0.3514
2000,860,700,0.8140000000000001
1983,165529,86769,0.5242
1969,7000,4000,0.5714
1977,1455,708,0.4866
2014,15452,4134,0.2675
1965,87074,54125,0.6216
1978,605677,111102,0.1834
1991,16794,8027,0.478
1983,9000,4900,0.5444
1995,36682,21081,0.5747
1971,591000,280000,0.4738
1986,7000,3000,0.4286
1978,100,83,0.83
1990,124000,61830,0.4986
1990,16700,8200,0.491
1971,3300,1000,0.303
2017,9065,7754,0.8554
1999,3060,1876,0.6131
2018,534,451,0.8455
1985,24000,6946,0.2894
1978,15200,9300,0.6118
1973,43530,25447,0.5846
1996,25914,15053,0.5809
1976,150,80,0.5333
1968,11506,7255,0.6305
2014,433,308,0.7113
1996,42578,23022,0.5407
1995,13860,9249,0.6673
2004,2920,4900,1.6781
2012,7089,4784,0.6748
2007,22148,9820,0.4434
2017,37038,29754,0.8033
2012,58892,41953,0.7124
2017,12509,3204,0.2561
1983,150,80,0.5333
1966,140,50,0.3571
1988,7000,3000,0.4286
1971,7500,4500,0.6
1983,7600,1850,0.2434
2007,780,313,0.4013
1998,175,179,1.0229
2005,27,60,2.2222
2017,73235,27650,0.3775
1991,31430,22510,0.7162
2008,16300,18222,1.1179
1986,27,10,0.3704
1968,258991,159060,0.6142
1970,920,500,0.5435
1979,26250,10200,0.3886
2004,63738,41031,0.6437
2009,34230,38012,1.1105
1991,458,236,0.5153
1963,24779,25553,1.0312
1961,9835,7868,0.8
2018,311203,433386,1.3926
1968,16000,12025,0.7516
1991,679872,436190,0.6416
2012,25115,32745,1.3038
2000,1720000,517800,0.301
2007,5174,3219,0.6221
1985,2000,400,0.2
1970,43000,11315,0.2631
2000,26000,10000,0.3846
2004,12474,2165,0.1736
2013,10489,4668,0.445
2012,283,229,0.8092
1993,24000,31000,1.2917
1971,594474,281511,0.4735
1967,4000,2000,0.5
1962,6000,4000,0.6667
2002,18021,10157,0.5636
2009,45000,24000,0.5333
1981,40000,25000,0.625
1992,46331,29075,0.6275
1983,108297,57201,0.5282
2017,37518,33999,0.9062
2016,90039,59412,0.6598
1991,22000,9800,0.4455
1989,21140,16950,0.8018
1992,2129000,760000,0.35700000000000004
1973,7000,2000,0.2857
2009,14600,3942,0.27
1967,6111,3439,0.5628
2000,11295,4246,0.3759
2006,2516,1964,0.7806
2008,47000,32000,0.6809
2011,116,85,0.733
1981,100,30,0.3
1998,629990,656117,1.0415
1991,98475,30000,0.3046
2015,1943,3839,1.9758
2015,1947000,850000,0.4366
1991,376,105,0.2793
1984,86000,39000,0.4535
2009,83347,50008,0.6
1969,22000,3755,0.1707
1977,294,81,0.2755
2000,270,218,0.8074
1982,15845,13150,0.8299
1983,74678,37135,0.4973
2002,1444400,441300,0.3055
1961,10300,6900,0.6699
1978,2600,1040,0.4
2014,26,52,2.0161
1978,317,44,0.1388
1983,67,20,0.2985
2016,302,231,0.764
1986,20800,9370,0.4505
1983,76000,22000,0.2895
1996,36000,22000,0.6111
1961,43710,11180,0.2558
1987,105,100,0.9524
1998,44000,33000,0.75
1964,7000,3000,0.4286
1985,1052000,691435,0.6573
1974,25500,12000,0.4706
2014,20000,14000,0.7
2016,4651,2271,0.4882
1990,58400,29200,0.5
1988,82000,27000,0.3293
2013,250,150,0.6
1972,10400,4700,0.4519
2012,218515,124625,0.5703
2006,568700,662000,1.1641
1990,5746,3000,0.5221
1984,85566,46251,0.5405
2016,11000,10000,0.9091
1985,1005652,252814,0.2514
1971,1975,1890,0.9570000000000001
1966,29120,19900,0.6834
2007,2512,2110,0.84
1976,23000,5809,0.2526
1981,25770,21900,0.8498
1974,40000,9747,0.2437
1994,35000,27216,0.7776
1963,7487,5322,0.7108
2007,120000,155794,1.2983
1996,593600,574997,0.9687
2005,18794,19363,1.0303
1962,15000,5660,0.3773
1976,27000,8000,0.2963
2002,585,294,0.5028
2016,5464,1789,0.3273
1995,580,290,0.5
1989,22951,18766,0.8177
1992,405,206,0.5097
1979,7000,3000,0.4286
2009,581,285,0.4903
1988,20200,7800,0.3861
1999,2000,1500,0.75
2000,133,93,0.7018
1980,3360,1000,0.2976
1961,53890,24868,0.4615
2008,1020,408,0.4
1965,50,30,0.6
1970,6000,3000,0.5
1974,2000,400,0.2
2013,23193,25144,1.0841
1964,5000,1000,0.2
1975,170,84,0.4941
2004,129,110,0.8527
2018,800000,561103,0.7014
2005,30700,39200,1.2769
1985,109200,56700,0.5192
2009,1469,1008,0.6862
1983,130,80,0.6154
2008,317080,121610,0.3835
2006,400,211,0.5283
1989,40,50,1.25
2000,101000,50700,0.502
1989,37748,15208,0.4029
2000,2350,3400,1.4468
1974,3160,909,0.2877
2015,305882,152624,0.499
2014,3,1,0.3333
1982,49200,27000,0.5488
2012,1552,1018,0.6559
1980,13077,11204,0.8568
1997,35385,21768,0.6152
1993,64,87,1.3609
1984,15400,7691,0.4994
2002,17296,13662,0.7899
1994,516,275,0.5329
2002,4727,3096,0.655
1996,84200,48745,0.5789
1986,9842,4178,0.4245
1996,42373,29370,0.6931
1996,2647,2064,0.7798
2002,30392,36930,1.2151
1997,2351,2184,0.929
1981,1767,1144,0.6474
1978,637600,322000,0.505
2017,19000,13000,0.6842
2011,23,46,2.0227
1968,13800,8900,0.6449
1971,2000,400,0.2
1977,40000,11379,0.2845
1973,10500,4200,0.4
1968,27520,8130,0.2954
1991,28461,23558,0.8277
1966,5997,1827,0.3047
1963,250677,169268,0.6752
1966,2000,1600,0.8
2011,12100,3300,0.2727
2001,62974,38572,0.6125
1981,90000,53000,0.5889
1986,81000,25000,0.3086
1961,57466,26416,0.4597
1991,23000,9000,0.3913
1971,4000,2000,0.5
2005,24,46,1.9118
1967,3000,800,0.2667
1985,116700,35000,0.2999
2007,76420,32788,0.429
1977,9180,4633,0.5047
1965,100,80,0.8
1967,300,220,0.7333
2006,31756,41530,1.3078
1992,3500,2000,0.5714
1987,26000,4000,0.1538
1965,6914,4900,0.7087
1973,2000,400,0.2
2018,910,754,0.8282
1965,21814,22496,1.0313
2015,36611,49818,1.3607
1969,13000,8000,0.6154
2010,580,290,0.5
2002,13500,3250,0.2407
1975,11675,7600,0.6509999999999999
2015,15122,3067,0.2028
2002,1735,2819,1.6248
2010,36000,32000,0.8889
2014,48496,26275,0.5418
2018,20000,14000,0.7
1981,2400,1300,0.5417
1993,557,275,0.4937
2003,39000,25500,0.6538
1965,295,214,0.7254
1968,1300,1400,1.0769
1970,170,114,0.6706
1982,107,30,0.2804
1974,537973,227640,0.4231
1966,1130,470,0.4159
1996,172000,73000,0.4244
1976,140199,62800,0.4479
1981,817000,510000,0.6242
1986,7800,2000,0.2564
2017,263871,369415,1.4
1961,200,100,0.5
1999,2114,2000,0.9461
1973,6500,1300,0.2
1986,9250,10000,1.0811
2011,5332,1639,0.3075
1978,18072,8634,0.4778
2001,1816,2241,1.234
1988,2447900,681800,0.2785
2009,192000,115000,0.599
1988,90000,36000,0.4
2007,9260,6300,0.6803
1967,2654300,445000,0.1677
1978,240,100,0.4167
1964,140,50,0.3571
1978,243760,133921,0.5494
2000,1153,629,0.5455
1982,10800,4800,0.4444
1998,7000,2000,0.2857
2007,25224,10449,0.4142
1981,7000,2000,0.2857
2004,50400,41690,0.8272
1964,967,933,0.9648
1972,4000,1089,0.2723
1995,5,2,0.4
1981,14905,8201,0.5502
1982,8440,3000,0.3555
2007,47810,31946,0.6682
2003,31000,13587,0.4383
1971,7400,3000,0.4054
1988,7000,2000,0.2857
1987,869977,526557,0.6053
1968,40000,12000,0.3
1978,70475,32002,0.4541
1977,128000,38000,0.2969
1967,4000,2400,0.6
1999,13508,3826,0.2833
2002,10577,4403,0.4163
1971,281172,180294,0.6412
1999,28350,33553,1.1835
1973,7200,3000,0.4167
1975,52166,25136,0.4818
1996,5000,3000,0.6
2000,13000,3800,0.2923
1973,150,80,0.5333
2003,43874,22000,0.5014
1963,2000,820,0.41
2008,29,23,0.7931
1972,3199,1300,0.4064
1966,7500,3200,0.4267
1993,15389,9772,0.635
1967,7500,3300,0.44
2005,82045,35067,0.4274
1980,83000,38400,0.4627
2012,10363,4635,0.4473
1993,12900,3600,0.2791
2002,14438,2475,0.1714
2013,35000,26000,0.7429
1973,120000,35000,0.2917
1979,100,7,0.07
1999,16410,8390,0.5113
1998,18625,5011,0.26899999999999996
2011,64919,44563,0.6864
1988,7900,2100,0.2658
2000,62674,38780,0.6188
2014,260,156,0.5996
1995,150,200,1.3333
1989,1862,1267,0.6805
2016,15000,32000,2.1333
2015,41788,28604,0.6845
1980,39200,27100,0.6913
1969,281,102,0.363
1988,50200,27296,0.5437
1982,26748,16362,0.6117
2004,124130,67410,0.5431
2018,20,16,0.7928
2006,52500,36884,0.7026
1987,81000,26000,0.321
1992,597,292,0.4885
1980,200,100,0.5
1972,1800,800,0.4444
2012,6000,2000,0.3333
1967,52200,30500,0.5843
1964,9653,6527,0.6762
1989,13600,7100,0.5221
1984,73907,38225,0.5172
2009,123000,43000,0.3496
2006,24942,10295,0.4127
2015,421700,450000,1.0671
1993,47000,27000,0.5745
1989,2000,400,0.2
2009,10899,2974,0.2729
1998,90000,36000,0.4
2016,24,47,2.013
1975,13000,5300,0.4077
1996,8918,4576,0.5131
1980,2500,1000,0.4
2011,1531737,832100,0.5432
1965,60000,34000,0.5667
2004,30432,19072,0.6267
1976,13000,4000,0.3077
1962,15000,4500,0.3
1987,104700,45300,0.4327
2002,2350,1002,0.4264
1964,2000,460,0.23
1962,82959,34000,0.4098
2001,380,362,0.9526
1988,36651,10734,0.2929
2018,383,239,0.6236
1993,2200,1387,0.6306
2003,8228,5364,0.6519
1999,62400,37400,0.5994
1961,300,200,0.6667
2000,23000,14000,0.6087
1999,30975,17771,0.5737
2004,36000,14650,0.4069
2006,225,132,0.5883
2010,27154,12703,0.4678
1979,19000,7800,0.4105
1966,150,80,0.5333
1973,250,121,0.484
1962,4000,2000,0.5
1988,794,458,0.5768
2004,41100,21200,0.5158
2010,52173,45483,0.8718
2016,385,236,0.6129
1969,264070,174965,0.6626
2003,6565,5502,0.8381
1988,24100,13200,0.5477
2010,26,21,0.7874
1994,2555,605,0.2368
1988,81487,45239,0.5552
2018,309122,431500,1.3959
1992,1500,1900,1.2667
1987,800,500,0.625
1981,70000,25000,0.3571
2008,34936,31448,0.9002
2007,2520,1964,0.7794
2010,48299,29916,0.6194
2001,97815,43390,0.4436
2003,240000,120000,0.5
2005,47000,32000,0.6809
1968,19700,15700,0.797
1974,11610,6391,0.5505
1999,4700,1300,0.2766
2003,10867,4890,0.45
1999,15021,8031,0.5347
1962,340,191,0.5618
1984,92000,39700,0.4315
2007,485800,557224,1.147
1974,150,80,0.5333
1975,6200,2688,0.4335
2014,4539,7398,1.6299
2010,2809,1823,0.6488
2009,11110,5000,0.45
1988,35420,25800,0.7284
2000,151000,72000,0.4768
2001,56500,27600,0.4885
2006,10978,4940,0.45
1963,464769,84908,0.1827
1961,10000,6000,0.6
2000,44331,31710,0.7153
1999,16165,2717,0.1681
1973,15123,21000,1.3886
1985,73355,40811,0.5563
1993,28724,14362,0.5
2000,54682,23000,0.4206
1989,160,23,0.1438
1973,13168,5693,0.4323
1991,37795,16086,0.4256
1969,15400,10800,0.7013
1997,2583,605,0.2342
2001,70943,42879,0.6044
1971,6000,1200,0.2
1963,10237,5700,0.5568
1974,51062,28439,0.557
2002,6580,4070,0.6185
2015,15000,10000,0.6667
1989,44000,24000,0.5455
1971,2391500,449500,0.188
1986,7000,2000,0.2857
1991,23945,30000,1.2529
2006,9340,5970,0.6392
1985,7000,3000,0.4286
2002,5006,1409,0.2814
1998,12600,9274,0.736
1968,5500,1100,0.2
1997,5000,3000,0.6
1984,8360,4932,0.59
2010,8000,5000,0.625
1984,6000,3200,0.5333
1965,5546,2923,0.527
1970,4000,2000,0.5
1974,9676,5698,0.5889
2012,250,150,0.6
1971,8700,3500,0.4023
1984,150,80,0.5333
1985,3338,2753,0.8247
1998,60000,21000,0.35
2004,63000,44500,0.7063
2014,26315,17716,0.6732
1977,51000,10800,0.2118
2010,239059,126039,0.5272
1983,33600,15000,0.4464
2007,2543,589,0.2318
2017,297654,158715,0.5332
2007,96271,40041,0.4159
2008,8269,4967,0.6007
2007,12000,10000,0.8333
1973,85,50,0.5882
2012,33331,29965,0.899
1974,500,150,0.3
1995,4000,2500,0.625
2002,2833,652,0.2301
1970,30000,11000,0.3667
1962,800,225,0.2813
1984,10920,11000,1.0073
2011,75694,30195,0.3989
1977,7800,3200,0.4103
2014,21,17,0.7966
1974,19878,8319,0.4185
1966,5500,1100,0.2
1997,140000,66000,0.4714
1996,250,300,1.2
1977,39318,18283,0.465
1975,125000,36000,0.28800000000000003
1977,22000,13300,0.6045
1964,48000,27000,0.5625
1963,39000,10908,0.2797
1988,703000,404000,0.5747
1969,6000,1500,0.25
1984,30310,25505,0.8415
1980,46445,24778,0.5335
1983,15106,7250,0.4799
1966,6400,5700,0.8906
1992,43000,25000,0.5814
2012,3,1,0.3333
1996,11354,8445,0.7438
1994,690516,548275,0.794
1966,2870,1118,0.3895
1975,25760,20900,0.8113
1982,14000,4200,0.3
2011,251,199,0.7928
2001,3,4,1.3333
2005,71446,49218,0.6889
1987,15000,4400,0.2933
1974,7000,1500,0.2143
1975,150,80,0.5333
1961,7700,3080,0.4
1995,17650,2888,0.1636
2014,10285,4539,0.4414
2002,44176,23818,0.5392
1991,25970,12291,0.4733
2015,5525,3034,0.5491
1978,7000,3000,0.4286
2016,44000,30000,0.6818
1985,87473,45000,0.5144
1974,170,82,0.4824
2012,600,250,0.4167
1966,20000,4000,0.2
2011,22716,23041,1.0143
1968,645912,107925,0.1671
1998,15897,1855,0.1167
1973,47000,26000,0.5532
1977,15000,10900,0.7267
1978,8533,5485,0.6428
2014,43031,34745,0.8074
2000,9406,4760,0.506
1966,10494,4914,0.4683
1985,37540,14924,0.3975
1991,4700,2700,0.5745
1980,4700,1972,0.4196
1967,20000,4000,0.2
1963,4000,2000,0.5
2006,582,300,0.5155
1980,1704,1139,0.6684
1976,47000,13000,0.2766
1978,500,210,0.42
2008,1431000,840000,0.5870000000000001
1972,30000,17200,0.5733
1978,35000,23600,0.6743
2006,12699,2231,0.1757
2009,7251,5103,0.7038
2012,14000,3000,0.2143
1994,68,102,1.5
2015,4549,1000,0.2198
1982,2216700,551700,0.2489
1996,20,50,2.5
1961,2000,808,0.40399999999999997
2015,1,1,1.0
2013,526900,584980,1.1102
2017,29682,14258,0.4804
2005,35500,24000,0.6761
1976,7000,3000,0.4286
2013,34118,30972,0.9078
1977,57619,29950,0.5198
2009,977,825,0.8443
2018,8150,1778,0.2181
1967,5500,1100,0.2
2005,52500,43852,0.8353
2009,1942100,588400,0.303
2003,54,75,1.3889
2010,13645,2559,0.1875
1977,180,89,0.4944
2010,6763,4857,0.7182
2017,42000,29000,0.6905
1984,3000,2100,0.7
1995,27,50,1.8527
1977,31623,12612,0.3988
1971,9100,7700,0.8462
1994,9000,4000,0.4444
2007,280000,168000,0.6
1990,22378,12500,0.5586
2002,39000,25000,0.6409999999999999
1993,36000,24000,0.6667
1986,115,100,0.8696
2005,268000,161000,0.6007
1979,29445,6604,0.2243
1995,2564,605,0.2359
2004,25174,10000,0.3972
1963,140,50,0.3571
2001,22,40,1.7922
1985,7551,3289,0.4356
1967,1628,1117,0.6861
1975,1750,460,0.2629
1990,122,107,0.877
1978,17200,7000,0.40700000000000003
2000,24000,15000,0.625
1967,984,722,0.7337
1967,14000,4600,0.3286
2000,4988,1395,0.2797
2010,30386,12544,0.4128
1973,32942,12396,0.3763
2000,100000,39000,0.39
1961,663845,195501,0.2945
2008,1600,1360,0.85
1998,3866,2341,0.6055
1993,46369,16272,0.3509
1975,28200,10000,0.3546
2014,18701,4000,0.2139
1962,210000,60000,0.2857
1963,508,112,0.2205
2004,2167,1691,0.7803
2017,50000,65000,1.3
1994,82000,30000,0.3659
2007,5,1,0.2
1995,34951,20024,0.5729
2002,37353,20210,0.5411
1994,5,2,0.4
1990,2000,1170,0.585
1970,3453,1784,0.5167
1994,53912,13088,0.2428
1983,98400,35600,0.3618
1977,18400,5640,0.3065
1981,48000,26400,0.55
2000,30401,36811,1.2108
1968,2422800,422500,0.1744
1977,1486,941,0.6332
2008,105211,40517,0.3851
1969,16000,12045,0.7528
1997,150,81,0.54
2003,4161,2723,0.6544
1991,339,190,0.5605
2003,12780,7513,0.5879
1987,150,80,0.5333
1982,4100,4400,1.0732
1990,100000,45000,0.45
2017,500,416,0.8315
1996,594223,575334,0.9682
1999,50470,32813,0.6501
1975,655534,95144,0.1451
1996,27650,14770,0.5342
2016,839,614,0.7318
1983,6000,3200,0.5333
2003,27,51,1.8714
2012,82,57,0.6994
2000,18130,9855,0.5436
2011,1902000,810000,0.4259
1979,130000,39000,0.3
1994,403,209,0.518
1971,12047,7455,0.6188
1984,200,100,0.5
2016,80059,34056,0.4254
1999,48000,36000,0.75
2008,29,17,0.5862
1992,991885,233400,0.2353
2018,37568,34859,0.9279
1963,596,598,1.0034
1962,1500,1400,0.9333
1997,723983,258700,0.3573
1973,43000,11515,0.2678
1984,3500,3000,0.8571
1994,10915,6692,0.6131
2018,34000,44000,1.2941
2009,9000,6000,0.6667
1985,23000,14500,0.6304
1994,20376,2464,0.1209
1984,152,47,0.3092
2016,1900000,747000,0.3932
2003,16746,10952,0.654
1967,31970,9140,0.2859
1995,22000,13000,0.5909
1966,94637,60000,0.634
2009,1563302,790100,0.5054
2005,134,97,0.7239
1989,644095,144839,0.2249
1980,21950,8010,0.3649
2015,105602,60908,0.5768
1995,89516,39460,0.4408
2016,1199,943,0.7861
2009,34875,12780,0.3665
1984,40000,16610,0.4153
1966,300,216,0.72
1989,92000,45800,0.4978
2008,10000,1778,0.1778
1997,4500,2800,0.6222
2000,8000,5000,0.625
1990,8000,2580,0.3225
1995,133000,60000,0.4511
1965,703119,100400,0.1428
2006,3049,5348,1.754
1997,49000,32205,0.6572
1973,20,10,0.5
1977,25000,6000,0.24
2002,759476,895759,1.1794
1997,566756,566425,0.9994
1963,711,505,0.7103
1995,11887,6944,0.5842
1993,946156,219800,0.2323
1989,14181,2864,0.20199999999999999
1966,30350,7110,0.2343
1972,2823,2212,0.7836
1999,66472,21218,0.3192
2005,156250,103640,0.6633
1970,7500,3400,0.4533
2000,16032,10291,0.6419
1963,33200,19200,0.5783
1970,2433200,562300,0.2311
1965,33200,19800,0.5964
1973,96000,30700,0.3198
2007,40549,17020,0.4197
2010,7402,3630,0.4904
1986,111891,62921,0.5623
2012,1350,1610,1.1926
2007,28,22,0.7857
1987,81987,49027,0.598
2013,230473,125881,0.5462
1976,8500,5000,0.5882
1964,800,235,0.2938
1987,39319,16377,0.4165
1977,31750,23500,0.7402
1997,24035,7523,0.313
1990,19600,7500,0.3827
1963,21000,4130,0.1967
1972,12000,7078,0.5898
1994,298,184,0.6182
1961,2000,400,0.2
1962,11000,4893,0.4448
1992,110,38,0.3455
1969,2209,1675,0.7583
1961,10000,1895,0.1895
1983,530,250,0.4717
1977,15138,13349,0.8818
1965,6000,3500,0.5833
1979,16200,9300,0.5741
1965,11000,4875,0.4432
2005,48000,34100,0.7104
1981,220,110,0.5
2009,1500,1500,1.0
1988,530,265,0.5
1989,9660,3312,0.3429
2014,14474,14077,0.9726
2018,18,27,1.4637
2006,36043,29180,0.8096
2010,448431,587947,1.3111
1996,23000,14000,0.6087
2006,1647000,618000,0.3752
2003,688059,593594,0.8627
1996,220,129,0.5855
1992,13000,3800,0.2923
1984,40,15,0.375
1988,17600,11000,0.625
1972,10000,6600,0.66
2005,2933,4964,1.6925
1987,7560,3119,0.4126
1962,9600,3825,0.3984
2001,9500,6000,0.6316
2004,5007,1414,0.2823
1981,7300,1700,0.2329
2008,26020,10821,0.4158
1965,33000,7500,0.2273
1962,723410,259028,0.3581
2013,14000,3000,0.2143
1998,35000,22000,0.6286
2000,50000,37400,0.748
1970,7500,3000,0.4
1963,45000,25000,0.5556
1999,24131,12601,0.5222
1983,1700,791,0.4653
2016,41235,55647,1.3495
1996,17302,2850,0.1647
2008,48398,29651,0.6126
2010,242,144,0.594
1998,14460,9554,0.6607
1969,561703,83117,0.14800000000000002
1990,33,50,1.5152
2012,499100,994800,1.9932
2004,42990,23000,0.535
2007,1799000,756900,0.4207
1992,122100,49000,0.4013
1977,3800,1655,0.4355
1990,378,199,0.5265
1979,10000,4500,0.45
1979,3200,1389,0.4341
1976,65241,35543,0.5448
1984,24200,6400,0.2645
2004,8401,2126,0.2531
1967,11500,7000,0.6087
1998,45621,27306,0.5985
1961,2252000,372000,0.1652
1969,2000,600,0.3
1970,1900,1900,1.0
1973,151037,78438,0.5193
1961,10642,5700,0.5356
1972,12200,4228,0.3466
1966,16420,5723,0.3485
2011,3000,2000,0.6667
1983,2800,1000,0.3571
2011,202752,141926,0.7
1972,42600,12000,0.2817
1997,96115,42467,0.4418
1983,31168,16300,0.523
1979,100,83,0.83
1967,33200,21000,0.6325
1961,7000,4200,0.6
1962,71000,41000,0.5775
2003,63000,30000,0.4762
1980,150,80,0.5333
2001,6840,4210,0.6155
2001,11000,8000,0.7273
1981,2000,400,0.2
2007,80110,48066,0.6
2002,35000,23000,0.6571
1993,4295,2565,0.5972
1992,8,3,0.375
1980,20283,8833,0.4355
1996,37000,30600,0.8270000000000001
2013,42841,33223,0.7755
1970,2695,2256,0.8371
2001,397,205,0.5175
1986,26000,16500,0.6346
2011,33768,44427,1.3157
1971,3000,1597,0.5323
1987,96959,52891,0.5455
2009,51876,28523,0.5498
1962,8000,4500,0.5625
2014,506095,321837,0.6359
1972,12128,7955,0.6559
1962,447712,76478,0.1708
1972,63000,33000,0.5238
1994,80150,36263,0.4524
1966,33200,21000,0.6325
1991,69500,28700,0.4129
1967,7500,4100,0.5467
1977,2400,600,0.25
1995,100,123,1.23
1996,2051,1377,0.6714
2005,33971,23461,0.6906
1974,11750,4700,0.4
1999,23,40,1.7654
2011,9121,4648,0.5095
1961,7185,2832,0.3942
1999,55632,22000,0.3955
1964,383405,53848,0.1404
1987,33,15,0.4545
1998,38415,26702,0.6951
1962,8410,4028,0.479
1994,1971000,590000,0.2993
2007,10260,2837,0.2765
2000,6400,3958,0.6184
1963,800,230,0.2875
1975,2066,1018,0.4927
1999,103000,40000,0.3883
1999,35000,23000,0.6571
1974,270,150,0.5556
1970,9894,6723,0.6795
1979,843300,417000,0.4945
2005,2,1,0.5
1963,61427,30879,0.5027
1965,2000,200,0.1
1984,4064,4196,1.0325
1997,6800,1900,0.2794
1968,7500,3300,0.44
1985,530,250,0.4717
1999,3,1,0.3333
1984,26,17,0.6538
2017,2702,2420,0.8956
1999,168,101,0.602
1968,13599,6537,0.4807
1998,68194,34000,0.4986
1971,375,234,0.624
2007,5000,3000,0.6
2013,22857,12338,0.5398
2004,415,202,0.4867
1994,36000,26000,0.7222
1974,85,50,0.5882
1967,37000,11051,0.2987
1965,663300,256000,0.3859
2011,10499,4706,0.4482
1996,2574,605,0.2351
1965,2000,1600,0.8
1974,36974,16877,0.4565
1999,7868,3182,0.4044
1968,36000,15500,0.4306
1973,6000,2000,0.3333
1965,800,240,0.3
2000,3,1,0.3333
1989,12000,6000,0.5
1999,597,296,0.4961
1998,84261,29013,0.3443
2011,27617,11597,0.4199
2010,105517,63116,0.5982
2013,207014,124208,0.6
1969,33200,22200,0.6687
1987,19080,10890,0.5708
1973,1800,800,0.4444
2007,32044,42212,1.3173
2011,79294,66590,0.8398
1997,28000,12000,0.4286
1994,21697,9282,0.4278
2009,13541,2422,0.1788
1981,41184,28500,0.6920000000000001
1962,648,461,0.7114
2007,65430,42939,0.6563
1987,5000,3000,0.6
1994,72400,21720,0.3
1990,4800,2400,0.5
1996,398,207,0.5203
1969,2308700,448100,0.1941
1970,27400,17900,0.6533
1968,5600,2816,0.5029
1967,33120,22700,0.6854
2008,32932,28461,0.8642
1999,2601,605,0.2326
1990,35825,11652,0.3252
2016,279811,352000,1.258
1973,4000,2000,0.5
1983,31000,8000,0.2581
1962,17540,11767,0.6709
1976,1585,1028,0.6486
2014,43326,56612,1.3067
2008,28589,20338,0.7114
1983,350,100,0.2857
1964,10842,6200,0.5719
2000,102237,33014,0.3229
1967,9813,6663,0.679
1993,28000,12000,0.4286
2010,11228,3035,0.2703
2016,616,685,1.1121
2011,175251,72609,0.4143
2012,15560,12500,0.8033
1961,15000,5000,0.3333
2005,37741,20042,0.531
1995,400,208,0.5197
1993,9360,4900,0.5235
1973,496694,70702,0.1423
1965,3520,1400,0.3977
1989,7900,2100,0.2658
1967,133256,80542,0.6044
1989,14255,8920,0.6257
1977,6500,4000,0.6154
2005,4000,2400,0.6
1997,27337,32987,1.2067
2007,15560,4200,0.2699
1982,34176,22400,0.6554
2006,24250,18000,0.7423
1995,52263,31859,0.6096
1974,535000,226000,0.4224
1961,300,183,0.61
1976,6500,4000,0.6154
1970,5000,2237,0.4474
2009,19,37,1.9474
1985,2217400,501000,0.2259
1981,14000,4200,0.3
1979,16000,13220,0.8263
1967,477889,56611,0.1185
1972,91000,28500,0.3132
1967,4400,4700,1.0682
1978,150,80,0.5333
1985,36706,11528,0.3141
1979,2377200,347700,0.1463
1969,9810,3167,0.3228
1985,80000,24000,0.3
2011,152444,104652,0.6865
1988,7280,2612,0.3588
1983,2000,400,0.2
1998,168,105,0.6264
1988,3331,3896,1.1696
2011,15000,32000,2.1333
1983,11200,5000,0.4464
1991,80,63,0.7875
1983,10900,11000,1.0092
2014,28370,12158,0.4286
1962,2500,1400,0.56
1981,65000,20000,0.3077
1975,280,150,0.5357
1994,22000,13000,0.5909
2000,1239958,375800,0.3031
2011,5219,2958,0.5667
1998,57763,31652,0.5479999999999999
1963,1100,900,0.8182
1981,16895,16567,0.9806
1977,7560,5240,0.6931
1977,16000,6500,0.4063
1975,28116,10691,0.3802
1988,4,3,0.75
1982,145000,44000,0.3034
1970,33200,21000,0.6325
2018,1,1,1.0
2003,1675,2497,1.4907
1996,1015357,338700,0.3336
2004,1050,886,0.8438
1995,52000,29000,0.5577
1985,260,130,0.5
1976,13560,4820,0.3555
1975,2000,900,0.45
2017,39000,39000,1.0
2006,9575,7083,0.7397
1991,10027,5398,0.5383
2010,132,114,0.8636
2010,2405,524,0.2179
2009,26539,11077,0.4174
1972,698384,113439,0.1624
1964,5200,3000,0.5769
1961,200000,56000,0.28
2016,2519,2825,1.1216
1973,140,111,0.7929
1962,50,30,0.6
2018,438941,253936,0.5785
1982,9825,5600,0.57
2008,4445,2877,0.6472
2016,12340,3171,0.257
1993,4000,2500,0.625
1981,7000,3000,0.4286
1984,769632,206760,0.2686
1964,16160,13100,0.8106
1970,15600,10000,0.6409999999999999
1991,36000,24000,0.6667
1969,84000,21800,0.2595
2008,47971,18891,0.3938
1994,39000,27000,0.6923
1985,3100,1700,0.5484
1988,26000,4000,0.1538
2003,1900,1300,0.6842
2013,1,1,1.0
1998,22000,13000,0.5909
1988,28912,18987,0.6567
1982,68,54,0.7941
1986,6000,3000,0.5
2000,69702,40777,0.585
2009,79874,33427,0.4185
1990,84000,29000,0.3452
1982,8000,7000,0.875
1988,50,50,1.0
2006,28,22,0.7857
1978,7000,2000,0.2857
2008,14000,11000,0.7857
1974,5900,2321,0.3934
1965,668846,258923,0.3871
1974,4500,2500,0.5556
2018,11873,8589,0.7234
1981,712995,157158,0.2204
2010,394,223,0.5666
2004,16281,9042,0.5554
1982,91043,36768,0.4039
1980,7000,2000,0.2857
1999,45200,24482,0.5416
1979,16650,4780,0.2871
2007,399,214,0.5374
1981,36847,18277,0.496
1987,798132,198843,0.2491
2015,2090,1957,0.9364
1976,2000,1000,0.5
1963,4510,1700,0.3769
2017,45000,30000,0.6667
1976,562885,230028,0.4087
1973,40000,23200,0.58
2015,28088,18530,0.6597
2005,196000,100000,0.5102
1965,300,209,0.6967
1962,560,587,1.0482
2005,54971,37253,0.6777
1968,4000,1100,0.275
2010,447100,587000,1.3129
2000,395,205,0.5179
2015,400255,235079,0.5873
1968,1700,1000,0.5882
1985,16000,15000,0.9375
2009,33,25,0.7576
1994,20409,12118,0.5938
1971,6000,3200,0.5333
1998,24500,7400,0.302
1984,32000,9000,0.2813
1993,23000,14000,0.6087
1976,15000,6000,0.4
2017,609,271,0.4452
2002,28,50,1.8161
1988,628500,169957,0.2704
1961,419457,64738,0.1543
2013,12000,8000,0.6667
1999,262,156,0.5975
2010,112,80,0.7086
1978,14000,4500,0.3214
1989,5942,2952,0.4968
1981,100000,55000,0.55
2000,32008,18314,0.5722
2005,420,205,0.4881
1994,4300,2600,0.6047
1973,2500,601,0.2404
1974,35760,24000,0.6711
1968,10082,10000,0.9919
1988,7000,4000,0.5714
1990,14000,4000,0.2857
1975,155,138,0.8903
1972,34000,20400,0.6
1963,52205,25400,0.4865
1968,1300,400,0.3077
1990,7389,2080,0.2815
2008,28211,36882,1.3074
2017,4225,2153,0.5095
1962,238270,157849,0.6625
1998,630872,656535,1.0407
1974,10000,3000,0.3
2006,1059,871,0.8221
1990,10000,5000,0.5
1961,655000,191000,0.2916
2004,1337892,473900,0.3542
1966,1700,1000,0.5882
1980,90000,48000,0.5333
1982,150,80,0.5333
1986,270,135,0.5
2015,40303,10180,0.2526
2015,47848,60984,1.2745
2014,1464963,801600,0.5472
1989,42000,25200,0.6
2004,33,29,0.8788
2010,5051,2928,0.5796
1991,20507,3524,0.1718
1976,561300,229000,0.408
2000,52500,19051,0.3629
1976,13868,9259,0.6677
1969,25280,18600,0.7358
2002,59324,24493,0.4129
1992,12050,4700,0.39
1966,11366,6600,0.5807
1970,554500,263000,0.4743
1985,5000,3000,0.6
1979,30000,5450,0.1817
2015,267,160,0.6003
2015,424012,451955,1.0659
1992,40000,15000,0.375
2006,5000,1300,0.26
1992,6483,1713,0.2643
1997,37000,16000,0.4324
1967,9193,8000,0.8702
2016,17000,12000,0.7059
1984,2000,400,0.2
1990,668933,469258,0.7015
1970,11989,13000,1.0843
2003,1327775,436200,0.3285
2005,220,130,0.5882
2006,9988,2818,0.2821
2001,13000,3800,0.2923
1982,80000,35000,0.4375
2012,25076,9690,0.3864
1978,38740,9500,0.2452
1992,17500,10350,0.5914
1999,8091,5069,0.6265
1979,47200,25200,0.5339
1980,8000,5000,0.625
2012,1492077,794600,0.5325
2010,47000,32000,0.6809
1978,2100,1000,0.4762
1990,18578,9432,0.5077
1963,350,220,0.6286
2014,6006,3302,0.5498
1971,17164,20567,1.1983
1987,530,260,0.4906
1973,686,107,0.156
1982,772620,179791,0.2327
1977,40000,21600,0.54
1969,22660,8130,0.3588
1970,8047,5455,0.6779
1981,13100,11200,0.855
1980,14000,8800,0.6286
1970,50100,13000,0.2595
1972,401,203,0.5062
2010,198000,119000,0.601
1990,400,200,0.5
1979,5000,3000,0.6
1995,1826000,531000,0.2908
1981,380,100,0.2632
2015,2312,1955,0.8456
1963,2600,1500,0.5769
1974,2973,1640,0.5516
2014,184,187,1.0188
1996,600,300,0.5
1980,107,51,0.4766
1993,13000,6518,0.5014
1975,21359,8474,0.3967
1963,7700,2389,0.3103
1972,250,125,0.5
2013,2507,4786,1.9091
2012,41594,30206,0.7262
2018,24760,12727,0.514
1972,2982,2090,0.7009
1967,270764,155323,0.5736
1965,2000,1000,0.5
2009,238,141,0.5923
1961,10471,5290,0.5052
1978,45849,18734,0.4086
1976,664237,134345,0.2023
1974,40000,26500,0.6625
1982,2095,926,0.442
1981,6440,3000,0.4658
1961,5200,3000,0.5769
1989,2386500,745100,0.3122
2002,218,128,0.5894
2016,15179,4052,0.2669
2005,1723200,641100,0.37200000000000005
1980,24200,12900,0.5331
1975,136472,65036,0.4766
1973,28300,15000,0.53
1991,4000,2500,0.625
2003,44000,30000,0.6818
2007,30,70,2.3333
2003,63471,21062,0.3318
2000,6398,4113,0.6429
1981,11000,6500,0.5909
1971,300,100,0.3333
1961,78000,44000,0.5641
1976,36100,20300,0.5623
1996,186,111,0.5937
2010,20,41,2.061
1993,175,301,1.719
1975,7000,1500,0.2143
1980,65000,20000,0.3077
1981,26080,10330,0.3961
2005,52800,27400,0.5189
1995,80086,49595,0.6193
1978,800,454,0.5675
2009,4000,3000,0.75
1968,11207,3770,0.3364
2006,71422,30393,0.4255
2003,12347,2130,0.1725
1961,487,552,1.1335
1973,2895,1659,0.5731
1961,4000,2500,0.625
2015,47699,25992,0.5449
1970,17223,20000,1.1612
2004,8557,4433,0.5181
1977,2000,400,0.2
1993,6234,1658,0.266
1994,40834,27936,0.6841
1970,273768,179444,0.6555
2011,42599,33478,0.7859
1991,13440,3829,0.2849
2017,838,1000,1.1933
1965,2100,2200,1.0476
1975,40000,24000,0.6
1986,40040,11148,0.2784
2006,3,1,0.3333
1963,7618,2971,0.39
1991,16000,8000,0.5
1972,20526,11150,0.5432
2009,52138,26419,0.5067
2016,2678,2344,0.8753
1985,92001,53716,0.5839
1971,22200,11100,0.5
2017,1478158,764320,0.5171
1992,404,281,0.6955
1993,2546,605,0.2376
1997,5500,1500,0.2727
1963,150,80,0.5333
2018,24,48,2.0271
1996,7567,3817,0.5044
1978,6500,4000,0.6154
2018,1730000,746000,0.4312
1964,21780,7700,0.3535
1981,320,176,0.55
1978,180,90,0.5
1973,2385800,484600,0.2031
1971,8889,8000,0.9
1964,5200,2308,0.4438
1966,4500,4900,1.0889
2006,2200,520,0.2364
2018,610,270,0.4417
1979,65000,17814,0.2741
2015,936,775,0.8284
2016,24,24,1.0
2006,62000,29777,0.4803
1980,38469,8721,0.2267
2006,25000,16000,0.64
2000,8400,6348,0.7557
1983,788500,348650,0.4422
1961,4000,2000,0.5
2018,78656,57256,0.7279
1970,25773,10386,0.40299999999999997
1972,30539,14337,0.4695
2013,1704,1339,0.7858
2013,17145,14236,0.8303
1987,45312,27300,0.6025
1978,30000,5532,0.1844
2002,31600,13910,0.4402
1975,41600,20700,0.4976
1965,7000,2500,0.3571
1998,79654,49030,0.6155
1993,21000,3000,0.1429
2005,2446,1830,0.7482
2018,3000,3000,1.0
2001,8255,4182,0.5066
1998,6163,3450,0.5598
1991,8430,5602,0.6645
2010,63440,15380,0.2424
1979,7988,5189,0.6496
1969,1400,1500,1.0714
1978,80000,52000,0.65
2018,2491,2574,1.0333
2009,5714,7643,1.3376
1972,8120,10635,1.3097
2014,390,235,0.6021
1982,62256,20578,0.3305
1981,140000,42000,0.3
1986,150,80,0.5333
2013,38430,52885,1.3761
1988,150,80,0.5333
2017,10149,2333,0.2299
1984,668,341,0.5105
2016,27170,13575,0.4996
2011,66211,48840,0.7376
1989,7000,3000,0.4286
1963,17440,16000,0.9174
1991,2529,605,0.2393
1978,5000,3000,0.6
2012,1611,2420,1.5022
2017,10253,4522,0.441
1976,7035,5520,0.7846
1995,200,120,0.6
1994,1131907,299300,0.2644
2000,15266,2582,0.1692
1962,7990,3063,0.3834
2015,1047,1082,1.0334
2006,9176,6570,0.716
1965,14000,9488,0.6777
1962,8300,5900,0.7108
1986,81000,44500,0.5494
1986,2647,2043,0.7718
1990,2333,506,0.2169
1971,1185,810,0.6835
1972,599000,259000,0.4324
1991,18849,3000,0.1592
1998,23000,14000,0.6087
2000,276,165,0.6003
1968,621000,244000,0.3929
1981,130,80,0.6154
2001,215,127,0.5891
2012,62013,50803,0.8192
1991,80561,45220,0.5613
1997,397,206,0.5191
2015,978824,1174589,1.2
1969,2600,1500,0.5769
2002,26076,14706,0.564
1984,34161,13544,0.3965
2013,29000,12200,0.4207
1997,43028,21466,0.4989
1976,180,87,0.4833
2017,1576,969,0.6146
1972,11250,5700,0.5067
2003,38,49,1.2895
2014,28804,12008,0.4169
1992,143000,72000,0.5035
1965,210000,61000,0.2905
1990,669388,469474,0.7013
1986,104700,35000,0.3343
2000,598,298,0.4983
1996,43529,12812,0.2943
2006,47000,32000,0.6809
1993,754157,563275,0.7469
1972,2000,400,0.2
2018,435,378,0.8690000000000001
2003,55600,31000,0.5576
2007,89,59,0.6677
2015,8327,4552,0.5466
1995,23104,14037,0.6076
2014,30064,12822,0.4265
1969,200,100,0.5
1993,150000,75000,0.5
1991,46000,27000,0.5870000000000001
2012,23048,24961,1.083
1963,50,30,0.6
1988,814,705,0.8661
1996,1100,900,0.8182
1985,15000,4400,0.2933
2004,31843,20863,0.6552
2017,384,238,0.6183
2011,437000,605000,1.3844
1972,1672,408,0.244
1993,65900,58000,0.8801
2005,6296,4625,0.7346
1964,6000,2017,0.3362
1981,2593200,590200,0.2276
1971,28000,21300,0.7607
2000,21030,5875,0.2794
2010,23190,25495,1.0994
1995,1800,1500,0.8333
1964,10500,7776,0.7406
2013,24,19,0.7959999999999999
2002,30,97,3.2333
1966,35000,20000,0.5714
1974,122000,36000,0.2951
1968,54700,14000,0.2559
1963,831684,270487,0.3252
1964,50,30,0.6
1975,122800,39100,0.3184
2001,37000,19400,0.5243
1986,33228,12457,0.3749
1991,106069,45072,0.4249
1991,160,85,0.5313
2017,9,16,1.7778
1991,2626800,705900,0.2687
2017,382,327,0.8559
1981,143483,67374,0.4696
1990,27090,10414,0.3844
2004,2251,528,0.2347
1992,33180,23238,0.7004
1976,477,190,0.3983
1989,15050,9766,0.6489
2001,1670600,697800,0.4177
1972,5000,1500,0.3
1961,6000,1600,0.2667
1999,27000,11000,0.4074
1973,1379,946,0.6859999999999999
2014,33,16,0.4848
1990,455,216,0.4747
1984,5944,3322,0.5589
2016,48334,11608,0.2402
2005,14841,4200,0.28300000000000003
1988,31696,17984,0.5674
1994,6285,1676,0.2667
1981,6000,3200,0.5333
2017,15000,32000,2.1333
1990,26305,4214,0.1602
1996,139000,64000,0.4604
1972,32964,9541,0.2894
1973,581000,257000,0.4423
1983,14500,4300,0.2966
1966,8209,5628,0.6856
1972,9700,3900,0.4021
1986,500,300,0.6
1987,30170,20730,0.6871
1973,4298,3481,0.8099
1983,60000,38000,0.6333
1992,25000,10000,0.4
1978,9802,9213,0.9399
2008,3114,5156,1.6557
2008,65614,44290,0.675
1984,11500,5200,0.4522
1986,48000,27000,0.5625
1986,32768,15684,0.4786
2000,48704,32605,0.6695
1987,360,183,0.5083
1997,186,108,0.5824
1988,20,10,0.5
1990,52863,21455,0.4059
1985,1052820,691864,0.6572
2017,1720000,755000,0.439
2017,28031,18410,0.6568
1990,90,80,0.8889
1979,1813,1665,0.9184
1975,533000,208000,0.3902
2009,93384,56252,0.6024
2015,1511363,828270,0.5479999999999999
1989,21050,13900,0.6603
2007,37082,27862,0.7514
2009,115,108,0.9391
2007,5100,1400,0.2745
1993,2217000,564000,0.2544
1991,57717,29767,0.5157
1982,27000,5000,0.1852
2006,120000,48000,0.4
1979,60000,16000,0.2667
1970,664096,101707,0.1532
1990,40000,19000,0.475
2010,203420,144420,0.71
2016,47133,25778,0.5469
2006,1020,571,0.5598
1992,18200,11000,0.6044
1995,12,52,4.3333
1962,29950,8130,0.2715
1979,2004,1015,0.5065
1971,8000,2164,0.2705
2010,18390,16950,0.9217
1976,14789,15525,1.0498
1987,28359,18582,0.6552
2013,1678190,715000,0.4261
1994,18897,8862,0.469
1979,190,100,0.5263
1964,195000,56000,0.2872
1968,32800,21600,0.6585
2011,25649,9515,0.371
1976,210,100,0.4762
1968,20961,7949,0.3792
2011,610,284,0.4659
2016,117000,60000,0.5128
1979,15586,16000,1.0266
2009,35551,32306,0.9087
1987,16875,9100,0.5393
2008,47706,34248,0.7179
1978,27428,7599,0.2771
1989,86386,49290,0.5706
2010,13123,13349,1.0172
1994,14108,5571,0.3949
2009,2925,4948,1.6916
1999,9000,4676,0.5196
1975,13863,17000,1.2263
1992,170,90,0.5294
2004,6990,4350,0.6223
1969,7500,3300,0.44
2016,8000,2000,0.25
2014,421562,204848,0.4859
1974,97000,30000,0.3093
1994,190,110,0.5789
1964,1041,406,0.39
1999,30300,13900,0.4587
2016,19,15,0.7956
1998,16549,2763,0.1669
2015,240,194,0.8088
2001,153000,74000,0.4837
1993,21000,13000,0.619
1967,13547,6119,0.4517
2002,398,206,0.517
1968,1034,744,0.7195
1991,11000,5549,0.5045
1967,11406,7155,0.6273
2008,81712,49027,0.6
1988,703794,404458,0.5747
1981,37513,13878,0.37
2016,50546,43441,0.8594
1987,18028,7183,0.3984
2009,29805,11595,0.389
1997,566000,566000,1.0
1981,20200,8000,0.396
1985,30450,27120,0.8906
2006,65035,41054,0.6313
1962,35000,9000,0.2571
1997,11751,6635,0.5646
1982,5000,3000,0.6
2016,20577,8554,0.4157
1969,2000,800,0.4
1967,2100,1700,0.8095
2000,194000,97000,0.5
1974,7000,4000,0.5714
2001,2697,623,0.2309
1975,15000,8333,0.5555
1980,1763,969,0.5496
1976,125000,37000,0.29600000000000004
1967,7000,2400,0.3429
2010,35265,49870,1.4142
2002,13262,7278,0.5488
1979,34711,10465,0.3015
1983,3592,2289,0.6372
1969,14072,5140,0.3653
1975,302,49,0.1623
2002,4700,3421,0.7279
1978,1175,1329,1.1311
1996,13265,10460,0.7885
1964,261276,171697,0.6571
1963,5000,1000,0.2
1989,722667,337634,0.4672
2010,70504,37289,0.5289
2004,35,35,1.0
1973,510,500,0.9804
1987,3700,2000,0.5405
1981,32000,11200,0.35
2007,9162,4683,0.5111
1979,27700,15600,0.5632
2015,5563,1796,0.3228
1989,13,5,0.3846
1995,166000,71000,0.4277
2017,15672,3256,0.2077
2001,5434,3814,0.7019
1961,50,30,0.6
1974,33968,13186,0.3882
2006,1367029,613500,0.4488
1987,968,519,0.5362
2014,108021,54010,0.5
1985,14830,8700,0.5866
1999,697000,743000,1.0659999999999998
1985,70,26,0.3714
2013,63642,41522,0.6524
2007,1430970,701100,0.4899
2011,4626,976,0.21100000000000002
1997,13429,3804,0.2833
1965,340,61,0.1794
1997,70000,24000,0.3429
2003,687000,593000,0.8632
1971,220,109,0.4955
2004,1844000,674100,0.3656
1984,34467,8902,0.2583
2000,23,40,1.7730000000000001
2012,28500,12000,0.4211
1997,85000,33000,0.3882
1972,635,400,0.6299
1988,6000,3000,0.5
2012,37800,51075,1.3512
1983,7000,3000,0.4286
1994,158000,70000,0.44299999999999995
1971,47515,28977,0.6098
2018,15896,3336,0.2099
2009,10880,8530,0.784
2014,8069,4994,0.619
1964,1300,1300,1.0
1993,589,290,0.4927
1978,16000,14357,0.8973
2010,14000,10000,0.7143
1997,99,46,0.4646
2006,197000,100000,0.5076
1980,10200,4600,0.451
1969,1084,766,0.7066
2012,48102,30064,0.625
1974,1933,1673,0.8655
2002,24000,15000,0.625
1961,1900,1700,0.8947
1969,599000,256000,0.4274
1982,35720,10900,0.3052
2002,34712,25288,0.7285
1978,2400,600,0.25
1982,28540,10823,0.3792
2004,14500,4200,0.2897
2011,64576,20431,0.3164
1988,6969,3849,0.5523
2003,59719,24673,0.4132
1974,150,118,0.7867
1991,17100,5800,0.3392
1963,5000,1595,0.319
2013,70186,49130,0.7
2017,115000,60000,0.5217
1999,21061,2962,0.1406
1987,2500,1800,0.72
1966,54000,32000,0.5926
1983,10900,4000,0.36700000000000005
1969,11000,5000,0.4545
1999,876,704,0.8037
1990,567,274,0.4832
2016,2097,1470,0.701
1980,72,20,0.2778
1981,818926,511088,0.6241
1984,9000,4000,0.4444
1976,12936,13009,1.0056
2017,500000,550000,1.1
